Country,selected_Mean_total_billions,selected_SD_total_billions,selected_Mean_perio_billions,selected_SD_perio_billions,selected_Mean_replace_billions,selected_SD_replace_billions,selected_model,Dent_exp_usd,Dent_exppc_usd,GDP_per_capita_PPP_2021
Afghanistan,0.00873953361856174,0.04417645180545818,0.00303760489783678,0.01921974245108912,6.515414379134283e-4,0.00422049591678596,low,0.0167,0.46,2144.16657
Albania,0.00133005426290885,0.00309895813630224,3.838788357012693e-4,0.00163868197168749,1.1489533189621407e-4,5.3183429011207e-4,low,0.0363,12.66,16126.77749
Algeria,0.029569380447997812,0.06880673757912356,0.00866970085567603,0.03538463330750287,0.00245173296694775,0.00907029311732294,low,0.3237,7.46,14496.86547
Andorra,0.00165576421770835,0.00111291272489424,4.098161596549795e-4,3.9093687969660607e-4,4.760641738794098e-4,5.348920112938797e-4,mid,0.0146,189.89,59332.20291
Angola,0.01715725930623311,0.05356686111167833,0.00471168286164343,0.02358599915296338,0.00126897673124207,0.00724531885249212,low,0.0702,2.33,7408.126591
Antigua and Barbuda,0.00146925670453129,0.00106493208638066,3.983007701506283e-4,4.335207714256714e-4,4.864318996457474e-4,6.290495048085481e-4,mid,0.0048,51.88,25745.49581
Argentina,0.7650403316733592,0.5458658616415428,0.18122538660703755,0.1953267960761304,0.23137941071966447,0.29476299769436654,mid,1.106,24.55,26300.27426
Armenia,0.02511115765800976,0.01934896069784188,0.0058637686374208,0.00728351483601887,0.00786949045268261,0.01151173453747545,mid,0.113,38.05,15921.70528
Australia,5.002571012228758,1.148056853818944,2.0527573479582597,0.4436152175548098,1.0404058675511425,0.5554095850212255,high,7.3703,288.25,58182.33695
Austria,0.8965946607974494,0.2534413371500674,0.35174753805408115,0.13534013159854802,0.1918461158519517,0.122388883414933,high,2.1157,236.39,62968.94223
Azerbaijan,0.00653315382273445,0.01350717723687547,0.00185994640702633,0.00682546987250538,5.686919090378652e-4,0.00217533723669481,low,0.1268,12.61,20111.3757
Bahamas,0.03848746053259062,0.01341546036128047,0.01760043764550342,0.00885097117723958,0.00980779956113027,0.00721933534790928,high,0.0329,75.3,31064.68222
Bahrain,0.00294658970513868,0.00527324626050237,8.900281149880646e-4,0.00259165846943001,2.663831363104562e-4,8.273790911962748e-4,low,0.0625,41.36,54954.67579
Bangladesh,0.07736940207861387,0.2413240770103885,0.03427054573859227,0.16878948384013728,0.00909205703649067,0.05323292236479672,low,0.0125,0.08,7441.06914
Barbados,0.00334942533794866,0.00261963529909883,8.768141459292549e-4,0.00110306879712684,0.00119498258596761,0.00154178287966928,mid,0.0152,52.8,15683.88471
Belarus,0.00628535854687167,0.01297189668177428,0.00185480331758785,0.00648032016101213,5.308038503198211e-4,0.00182622749449804,low,0.1371,14.47,27611.18011
Belgium,1.7220165376309624,0.4956260703381872,0.7592026573544675,0.2895288768092921,0.40869180621184814,0.24929235705535244,high,2.1221,185.2,60669.21377
Belize,0.0049703310774401,0.00404152020801414,0.00122834756658584,0.00165843059758009,0.00164794725203704,0.00242061815507687,mid,0.0057,14.08,11677.46101
Benin,0.00570455061335047,0.02087970713468102,0.00230113735228731,0.01217183546105157,6.757119066175878e-4,0.00415798920655195,low,0.0033,0.28,3464.288629
Bhutan,7.975509919820959e-4,0.00200220361680133,3.2789712480780266e-4,0.00135645896452371,8.423963429793257e-5,3.896033242935453e-4,low,0,0.06,13458.81267
Bolivia,0.00626573831575648,0.01637477251140689,0.00206380496605777,0.00904870336896995,5.344299692781016e-4,0.00245919320185937,low,0.0482,4.17,9454.198147
Bosnia and Herzegovina,0.02784421443542079,0.02125228874448301,0.00658732308514067,0.00796354587632929,0.00902198167829677,0.01276008135704285,mid,0.0727,20.75,18285.67112
Botswana,0.02981240880134949,0.01794458119452658,0.00345252048819359,0.00291626404541485,0.00274273659902423,0.00284687108678335,mid,0.0574,24.15,17960.62544
Brazil,2.02300089680771,1.1154650607985457,0.41490207210384855,0.34664440360960685,0.26756691471519595,0.2646344621721047,mid,3.7128,17.68,18075.706
Brunei Darussalam,8.626488588084638e-4,0.00162578672855003,2.1558095240071192e-4,6.393801022982153e-4,6.565450254772183e-5,2.16522429188366e-4,low,0.0091,20.35,78248.79711
Bulgaria,0.00362492803467048,0.00701000392921907,8.86202813040253e-4,0.00278351887489364,2.666329478980653e-4,9.29657472995201e-4,low,0.1094,15.72,30971.91319
Burkina Faso,0.00976569472032475,0.04466147613823128,0.00399606385061432,0.02850404934373793,9.680149653280344e-4,0.00766721798645475,low,0.0046,0.23,2486.430931
Burundi,0.00182645595867472,0.01789452260853582,7.254606353564127e-4,0.00735441844960548,1.9013316254218603e-4,0.00178435189742501,low,0.0013,0.12,836.6655713
Cabo Verde,3.7334899064969543e-4,0.00126568895584048,1.8557537537513863e-4,9.543463520661854e-4,4.668987770383147e-5,2.735732729581622e-4,low,0.0034,6.12,7685.419214
Cambodia,0.00588975672609653,0.01848485376964913,0.0018651522673704,0.00970482381662758,4.3237132860547174e-4,0.00213781656216995,low,1e-4,0.01,6225.532655
Cameroon,0.01379643136904651,0.0520562314694836,0.00569553165442921,0.03312244837961686,0.00165473647510462,0.00866201478009999,low,0.0066,0.26,4793.556282
Canada,6.431362466579365,1.62624602004901,2.605890580666546,0.6151090116362365,1.5248231991414485,0.7667447957019244,high,12.8291,342.52,56995.11768
Central African Republic,3.861545873234141e-4,0.00315924120985651,1.912940567006559e-4,0.0014061662951074,3.3227989808994816e-5,2.956957703647461e-4,low,0.0011,0.22,1128.55238
Chad,0.00646080837865175,0.03460224391273341,0.00267789750036026,0.018710840778548,6.033035893690734e-4,0.00459182790849504,low,0.0034,0.26,2435.072747
Chile,0.02526975713674278,0.04404198585980287,0.00837074350612597,0.0235963104648242,0.0014687541423394,0.00453570688907671,low,0.4696,24.58,29089.85046
China,23.35384271872298,6.209178468856383,8.972280796393132,2.321425906646788,7.57181568058768,3.773383435328757,high,61.5486,43.96,20843.29783
Colombia,0.04023592404790749,0.09179544347248755,0.01478183985685422,0.0579168525833203,0.00390690630106666,0.01557377050107915,low,0.7051,14,17383.09017
Comoros,1.8725215738396676e-4,7.67781700463467e-4,6.001376561582554e-5,3.9445639367946815e-4,1.5970546835781478e-5,1.147186049486514e-4,low,3e-4,0.3,3449.043575
Congo,0.00165881628761036,0.00547425154887863,5.166978348671696e-4,0.00277647864414272,1.5781322415822765e-4,8.480758696880736e-4,low,0.0047,1.03,6263.211613
Costa Rica,0.08193856529305797,0.0620486322187369,0.02147120476875136,0.02345589258369581,0.0273005211336784,0.03639712477875213,mid,0.1617,31.84,23852.9253
Croatia,0.06100804471151361,0.04191698325111762,0.01594086849608991,0.01528609269935037,0.01953350665971168,0.02269139689932752,mid,0.1494,36.8,36930.47013
Cuba,0,0,0,0,0,0,high,0.3044,26.85,NA
Cyprus,0.00141570897055469,0.00257492114033867,3.598690993182232e-4,0.00119966659733101,1.0170777090888898e-4,3.316159863993661e-4,low,0.0126,14.41,48781.27734
Czechia,0.8852042682175449,0.26288872312564077,0.3721583361391452,0.15628777447157496,0.1985770480669168,0.1320481544472264,high,0.8438,79.32,47796.03374
Côte d'Ivoire,0.01525220632704162,0.05127502420034326,0.00607064762515289,0.03239741846310375,0.0013639678136504,0.00771086407020334,low,0.0066,0.25,6045.204805
Democratic Republic of the Congo,0.00952514319229679,0.10868481201090097,0.00527986147548665,0.04285796872478509,0.00151111465202851,0.01137981320818315,low,0.0229,0.23,1313.618218
Denmark,1.11773166080159,0.32127407520033086,0.5173379115737294,0.1857403856928566,0.28251281008319407,0.1679621366237767,high,1.8676,321.67,69715.18097
Djibouti,4.266525835805436e-4,0.00136172729568204,1.509037755166007e-4,7.716740671778516e-4,4.7210659839193386e-5,2.531455731451475e-4,low,8e-4,0.76,5960.108074
Dominica,7.910575521680919e-4,6.3697618851961e-4,1.9989007515640905e-4,2.4411008809849805e-4,2.7702768514830257e-4,4.044944282766987e-4,mid,0.0019,26.92,15808.97435
Dominican Republic,0.00814637593645936,0.01782127832100135,0.00258434970875934,0.009772409446008,7.120348831428065e-4,0.00273043728496454,low,0.0823,7.94,22053.45899
Ecuador,0.00982363492712939,0.02292720664512422,0.00306458751057708,0.01223081936957661,8.686172738923951e-4,0.00397541247838509,low,0.1257,7.28,13507.44456
Egypt,0.068636610599777,0.15846562556235896,0.01677013916819837,0.07188864726464042,0.00503008362870344,0.01672948568875835,low,0.3293,3.32,15579.01609
El Salvador,0.00270400511066824,0.00676792197786618,0.00100142059796011,0.00463411256562224,2.575198237833862e-4,0.00105487740923258,low,0.0628,9.37,10809.7134
Equatorial Guinea,0.00140158836231326,0.00304260274662656,3.953341181801743e-4,0.00147920793030873,1.0993869079838468e-4,4.0533587727309927e-4,low,0.0057,4.19,16821.44865
Eritrea,0,0,0,0,0,0,high,0.0024,0.39,NA
Estonia,0.02285850137238181,0.01490745310049345,0.00557358461685975,0.00533964664119831,0.00655799695763995,0.00739293623257445,mid,0.149,113,44251.5375
Eswatini,4.5787788170887706e-4,0.00127597413903788,8.98024310587949e-5,4.5702928379406926e-4,2.4363866662800235e-5,1.0885680815049642e-4,low,0.0138,12.18,9946.040554
Ethiopia,0.03376052823591371,0.1724910120357402,0.01423388508636796,0.09428906147627228,0.00397833761426609,0.03233420144627416,low,1e-4,0.01,2588.413102
Fiji,2.6963694713841e-4,8.204031253790626e-4,3.120606644409049e-5,1.3515732158701993e-4,8.071294758684879e-6,3.462083749165006e-5,low,0.0069,7.7,10685.19703
Finland,0.1400619846656975,0.09352299944444233,0.03487557778106028,0.03113837917914989,0.04159090974591542,0.04742422967140439,mid,0.5937,107.59,56790.37662
France,4.99789837283389,1.2029758610312995,1.756335071948173,0.3970057502425998,1.1984742387820615,0.6324261183629076,high,12.666,195.39,52517.33549
Gabon,0.00132448249031125,0.00277994029394146,3.619715061672707e-4,0.00147791873003768,1.0751369648661925e-4,4.51613015703279e-4,low,0.0077,3.69,18523.5798
Gambia,0.00115069367376894,0.00497760050632947,5.88537861255417e-4,0.00364156456726091,1.4066336416059113e-4,9.61930960970219e-4,low,0,0.02,3503.034914
Georgia,0.00170406047303485,0.00352984489784008,4.669126617493538e-4,0.00170999872981933,1.4118411495662447e-4,5.172665938147144e-4,low,0.0116,3.13,18915.6534
Germany,11.587836491700996,2.4819403301166743,5.9717151786307,1.6564173239853874,1.8736199010048185,0.9813611570728074,high,30.8773,372.15,62530.76532
Ghana,0.01979233802323413,0.06161670574987903,0.00812946749119653,0.0417302884427214,0.00248845126704166,0.01202463056300602,low,8e-4,0.03,6607.502974
Greece,0.1270122962498834,0.08357747368722108,0.02855096743453443,0.02903319524692636,0.03576646370714367,0.04079500900846031,mid,0.8265,77.14,33531.15511
Grenada,0.00124770539161517,0.00109582335141895,3.153518556786674e-4,4.125749649607223e-4,4.491244403603501e-4,6.773501591814593e-4,mid,0.0035,32.04,15298.12311
Guatemala,0.01117773339814314,0.02805248938738786,0.00347321087567239,0.01677986680622463,8.907063644413863e-4,0.00385965768429605,low,0.1624,9.22,11825.14092
Guinea,0.00624209167163632,0.02556016212382522,0.00251074788831508,0.01668350412064937,8.351228711264267e-4,0.00520914500026931,low,0.0032,0.23,3738.805126
Guinea-Bissau,5.53516672954671e-4,0.00284730141898088,2.8362644799312517e-4,0.00160415745507672,7.397393757818869e-5,6.750176949918126e-4,low,5e-4,0.25,2483.850629
Guyana,5.757413271285179e-4,0.00122521801733419,1.7081413902992804e-4,6.105028134859332e-4,4.827549116842337e-5,1.961578346239156e-4,low,0.0113,14.38,22865.9271
Haiti,0.00281502888484741,0.01248380376720967,9.67003211149618e-4,0.00630535717390843,2.512121090202588e-4,0.00158500059431739,low,0.0263,2.34,3134.950149
Honduras,0.0040071312400194,0.01242016313823702,0.00132410662857301,0.00672426283336109,3.731540116962586e-4,0.00208677543979851,low,0.052,5.42,6202.980788
Hungary,0.09473169914538898,0.05932697704517232,0.01553999308807265,0.01559953902791917,0.01793061643955152,0.02222145854828892,mid,0.3639,37.29,38887.19095
Iceland,0.03824540009634485,0.01029429712224141,0.01435446422914789,0.00554933774614523,0.0077270809966039,0.00470355989678014,high,0.1455,407.54,61610.21327
India,0.6803723327222849,1.994014370961339,0.26982471906695676,1.2526305847258077,0.07364569591855563,0.36055548472953447,low,0.0645,0.05,8050.018575
Indonesia,0.14875707845059205,0.3828607030858535,0.0507580629370559,0.2735402275288207,0.01559323015670056,0.06749499940741288,low,0.2666,1,12757.07464
Iran,0.9004485653539912,0.8057203431243539,0.22024027086024,0.31585011616927183,0.3154233203952072,0.5254137390134275,mid,3.5071,42.12,12731.75358
Iraq,0.03511791112039964,0.08185255812832959,0.01052413816098836,0.04490972548555091,0.00271911644137862,0.01082743999888149,low,1e-4,0.01,12731.75358
Israel,1.0070240636741776,0.29188592062021046,0.3511573864319729,0.15359864759466493,0.19474742040260992,0.13204450244626031,high,1.8272,201.81,46162.08227
Italy,3.7198286917903047,1.1853594772221498,0.9022957354529628,0.36390779381047395,1.4697369876311095,0.7517427494137644,high,19.123,316.82,49825.39341
Jamaica,0.02215563991261992,0.02079339620409077,0.00574333204841347,0.00857511507904751,0.00857764482118203,0.01352696669124059,mid,0.0449,15.62,9577.164211
Japan,6.068063060054629,1.314372094464157,2.3312886517319646,0.5106897002106225,1.715312151255573,0.8685137826874599,high,28.7336,227.7,44355.34872
Jordan,0.00650257258212527,0.01714516288269797,0.00213714044623074,0.00972919371848081,5.729161539124454e-4,0.00245199807901822,low,0.0747,7.42,9182.496161
Kazakhstan,0.01825859423522489,0.03611522545073329,0.00436396991559549,0.01533169132336627,0.00124385638593192,0.00413266665807396,low,0.061,3.27,32945.85157
Kenya,0.02601779786701499,0.08635412871621433,0.01071966827534538,0.05856164378963707,0.00251577471482486,0.01378803195760897,low,1e-4,0.01,5338.852434
Kiribati,1.977710056002144e-5,1.2039259452297028e-4,2.413023267619172e-6,1.5098906730633209e-5,5.171334094104486e-7,3.3652290906032817e-6,low,3e-4,2.61,3020.493999
Kuwait,0.13396349131845758,0.08898953474935019,0.03426119076638066,0.03087591417220443,0.04132652051193297,0.04569336579306383,mid,0.2182,46.41,50651.95758
Kyrgyzstan,0.00194303213713017,0.00646867529689041,5.19975763453297e-4,0.00301785541254016,1.3996842553146637e-4,8.218891438656465e-4,low,0.0039,0.6,5736.478834
Lao People's Democratic Republic,0.00227438901464745,0.00659017433213387,5.169204794542671e-4,0.00275340974150734,1.442021644099626e-4,6.850983697453834e-4,low,0.0045,0.63,8080.435532
Latvia,0.02250597478438584,0.01499608344044045,0.00562613092190427,0.00546594776529106,0.00664369521776425,0.00775018394032361,mid,0.112,58.08,36912.01306
Lebanon,0.0968005174171379,0.08552639302687715,0.02431674195024029,0.03389654728898841,0.03305240257866618,0.05265666084383562,mid,0.1049,17.29,11599.77551
Lesotho,2.489129552552401e-4,0.00152762247763659,7.188345077031985e-5,4.912270822381145e-4,1.8652856407345417e-5,1.5480996019304012e-4,low,0.0093,4.56,2544.782496
Liberia,0.00115838522467178,0.00841131446997383,6.537985431475225e-4,0.00555577705018814,2.167117855721515e-4,0.00161127238712635,low,7e-4,0.16,1539.208923
Libya,0.00426114525818192,0.01060480823913843,0.00140859474404723,0.0058068419190154,3.891876950809222e-4,0.00170498007714264,low,0.0615,9.34,12641.50977
Lithuania,0.04845076669025654,0.03242957077430133,0.01211484198759936,0.01105549344837729,0.01454831714150989,0.0168295954602107,mid,0.199,71.47,45873.52732
Luxembourg,0.13659504913274545,0.03525760599922881,0.05229128696173043,0.01675668116660773,0.02772579535064159,0.01608178985555372,high,0.212,345.35,136772.4438
Madagascar,0.00373076342353319,0.03883388517503998,8.912912359549316e-4,0.00691072765020283,2.278781566463259e-4,0.00182636945800786,low,0.0042,0.15,1577.432461
Malawi,0.00331839247852826,0.0212948676826326,0.00151755221803214,0.0099551423600056,2.985927861302119e-4,0.00275326534704528,low,0.0025,0.12,1687.593582
Malaysia,0.03108928986509912,0.06370274753640857,0.00731903528347298,0.02555379631162742,0.00214376531871836,0.00737754103404908,low,0.2268,6.91,29822.84918
Maldives,3.7393221367980166e-4,8.352981334603732e-4,9.592947466457836e-5,3.778098227870528e-4,2.9659275883208475e-5,1.2395918932566892e-4,low,6e-4,1.7,19052.62249
Mali,0.00995227256895666,0.04808265226275261,0.00372094033278372,0.03109949947714006,0.00107134748113789,0.00908346058517342,low,0.0013,0.07,2796.227938
Malta,0.00851359437672771,0.00525075801983251,0.00181442539672277,0.00164226518154712,0.00211131579116869,0.00236705381973599,mid,0.0444,91.64,56802.01025
Marshall Islands,1.3509153109443336e-5,5.344742595667754e-5,1.3156803905646855e-6,8.378686906129208e-6,3.512647928450952e-7,1.8219410091391555e-6,low,3e-4,5.84,6705.875292
Mauritania,0.0024050256563359,0.00722732448602581,8.47856949924726e-4,0.0043719969660856,2.2089707651820855e-4,0.00102341635779609,low,0.0017,0.43,5836.565808
Mauritius,7.224141132238742e-4,0.00147730338402852,1.9410758527442311e-4,6.979643490694917e-4,5.710034873680969e-5,2.033817238046116e-4,low,0.0168,13.26,22737.57294
Mexico,2.1529536848569557,1.636329799251963,0.5585850135987862,0.6303953163976681,0.7073361877746842,0.9290520455980068,mid,2.103,16.7,20782.58774
Micronesia (Federated States of),NA,NA,NA,NA,NA,NA,NA,NA,NA,NA
Monaco,0,0,0,0,0,0,high,NA,NA,NA
Mongolia,0.00180364368820811,0.00408513146026661,4.343505759586776e-4,0.00172977203041604,1.1907447402572464e-4,4.995328926705385e-4,low,0.0352,10.65,14792.25091
Montenegro,3.8196405314862265e-4,7.52553638384138e-4,9.963966964122662e-5,3.334678502474751e-4,3.194654735029646e-5,1.231783657722283e-4,low,0.0057,9.18,23842.06192
Morocco,0.01651666440933919,0.04565139104599512,0.00581917716795352,0.02946419859601385,0.00192134962477297,0.00916547701580676,low,0.0821,2.31,8623.265625
Mozambique,0.0044096067594175,0.03328782738013144,0.0017701321459527,0.01238597266211983,4.978014933370927e-4,0.00351960365943322,low,0.0049,0.16,1457.235409
Myanmar,0.0130510379455212,0.04483868081950484,0.00418784783135861,0.01775480957058806,9.074383759050946e-4,0.00644227424370559,low,4e-4,0.01,5178.447182
Namibia,0.00106226247167752,0.00282755077428648,2.1056043931629712e-4,0.00100305024715104,6.045266385802565e-5,2.8363785524806426e-4,low,0.0028,1.13,9709.099306
Nauru,6.632755160969254e-5,5.8365699299640256e-5,5.102190203278521e-6,7.348799831895866e-6,6.841291683523402e-6,1.023133505463926e-5,mid,2e-4,14.8,12196.64515
Nepal,0.00951491215426881,0.03655895309258988,0.00459491822696296,0.0251498652526051,8.150232037009684e-4,0.0049535594406832,low,0.0891,3.13,4546.2297
Netherlands,0.365582363264061,0.2229453613929172,0.07631341191336852,0.07112106212820947,0.08950347999744648,0.0989510351569991,mid,3.6785,213.48,68573.56488
New Zealand,0.11346109430887295,0.07482275783090472,0.02704463475084504,0.02418320282095558,0.03294534271012997,0.03862975291733434,mid,0.5353,106.27,47996.67988
Nicaragua,0.0027731709494761,0.00814169000520432,0.00108180711946748,0.00521862439264577,2.5715690224961863e-4,0.00126163476179962,low,0.0314,4.81,7119.169234
Niger,0.00594293059365077,0.0452660674337458,0.0014326291025938,0.010380568875496,4.0328115431674256e-4,0.00348052673861832,low,1e-4,0.01,1585.59922
Nigeria,0.08264911784204902,0.3247508443892438,0.01718786820970194,0.09061086212547538,0.00367197549149129,0.02054821200591909,low,0.1375,0.68,5491.700341
North Korea,0,0,0,0,0,0,high,0.0895,3.5,NA
North Macedonia,0.00128764126996499,0.00275872601001499,3.954590698845554e-4,0.00137714033449559,1.1287215123817316e-4,4.2910240788709774e-4,low,0.0319,15.34,22142.97287
Norway,1.1906439775469606,0.3250139315651122,0.5255335208497863,0.17492337043538836,0.281044340866789,0.1660237536079167,high,2.1691,404.99,88984.13867
Oman,0.1473337636039729,0.10161679883017756,0.03499112293433842,0.03364410166060092,0.04344196377144874,0.0544610230076832,mid,0.1327,30.82,38719.45877
Pakistan,0.10545313738474228,0.3581601705172124,0.04945440876273352,0.2614435517467049,0.01226086561865513,0.06511701644801891,low,0.0489,0.24,5367.273647
Palau,8.449292442134827e-5,6.43359243564291e-5,1.0073980315955601e-05,1.2910721412328504e-5,1.3552467722436384e-5,1.9714689602359203e-5,mid,5e-4,25.39,15663.17159
Panama,0.09360947312042622,0.06733963369402657,0.02277671811815431,0.02350924639460155,0.02850963292864671,0.03617019621676004,mid,0.1354,32.1,30932.76278
Papua New Guinea,0.00190715206667596,0.01036323431504513,1.9390736436125e-4,0.00136815605106598,4.7341886245961864e-5,2.9596769452052964e-4,low,0.0358,4.17,3976.903801
Paraguay,0.00476844875089767,0.01114153846597108,0.00153005416354482,0.00685193057033667,4.382166701690844e-4,0.00183702969925183,low,0.0513,7.18,15406.16706
Peru,0.02250540558024285,0.05308006221083371,0.00686191863247832,0.02960387357135234,0.0018024857943976,0.00719163216953988,low,0.2678,8.24,15280.55121
Philippines,0.03383434059351607,0.09850514980685406,0.00512007305212145,0.02616978915851166,0.00165386854701474,0.00778010252479368,low,0.0165,0.15,8857.789951
Poland,0.5783326500674195,0.39590392695849735,0.14450492971828344,0.1406170967950532,0.1748699976890074,0.20280590277310095,mid,1.7024,44.83,41059.58478
Portugal,0.1348995397480062,0.08700557949865674,0.02921116951407211,0.02817656247596252,0.03576173988487881,0.04279721835039889,mid,0.8695,84.7,38657.66772
Qatar,0.1583418031570583,0.10216258129943905,0.04055558173161918,0.03479202834522673,0.04484310305131099,0.0473427713575808,mid,0.2287,83.07,116832.5703
Republic of Ireland,0.1510009872343143,0.0868460011675512,0.02383862009579974,0.02038924351998295,0.02689630215714194,0.02842927438540177,mid,0.5148,104,116903.6124
Republic of Korea,2.4856328800985015,0.5965599159954644,1.1211856835281944,0.231187594963774,0.8934319976224517,0.46876724457000224,high,7.2547,139.93,48419.64325
Republic of Moldova,0.00153938589806325,0.00342777458714465,5.492135387790044e-4,0.00192266519160221,1.5544989750567213e-4,6.497174405117317e-4,low,0.0051,1.43,15682.07033
Romania,0.24240336134695117,0.15804138701920775,0.0563509415793168,0.05576473160996124,0.06622024656864292,0.07702266260813928,mid,0.3761,19.27,37730.37084
Russian Federation,0.1241790694578918,0.22796108169667695,0.03753780203468286,0.11596079649349109,0.00999195533662155,0.03332954072037954,low,0.8921,6.08,38638.42969
Rwanda,0.00131842927392946,0.00275780389332802,2.1022975274004012e-4,8.156555481357825e-4,1.2779950146890769e-4,4.409756504332411e-4,low,0.0035,0.28,2733.435668
Saint Kitts and Nevis,0.00397461949359375,0.00147013034002421,0.00187560642900821,9.816717900274952e-4,0.00103524393217802,8.015936159400314e-4,high,0.003,56.98,26896.61771
Saint Lucia,0.00240671368131495,0.00190488159625901,6.349257361757929e-4,7.349033074475265e-4,8.289225573973977e-4,0.0011228255423321,mid,0.0054,29.98,19101.1653
Saint Vincent and the Grenadines,0.00111501018876036,8.795255446672376e-4,2.810797679206388e-4,3.372961146412035e-4,3.868504701215752e-4,5.333044431271347e-4,mid,0.0026,23.29,16200.89946
Samoa,5.867098961528722e-5,2.448951057454145e-4,5.35669698266013e-6,2.68439504354374e-5,1.4743718393393756e-6,9.218914610209512e-6,low,0.001,5.16,6214.016928
San Marino,0.00391904589255351,0.00111019342823631,0.00162764988452942,6.222179268924824e-4,8.792336505352659e-4,5.554340110186753e-4,high,0.0075,222.24,64745.13168
Sao Tome and Principe,9.298232304826786e-5,2.934148328827405e-4,3.527181647981316e-5,1.8127414666482e-4,1.1830884125393269e-5,5.892591281002626e-5,low,1e-4,0.61,5732.694561
Saudi Arabia,0.05806134062756573,0.11013880522166168,0.01429560584399659,0.04438425379875436,0.00414093159358399,0.01374237618674046,low,1.2518,36.73,62690.49666
Senegal,0.00766911630692352,0.03065580856281431,0.00368224797992887,0.02319706902004266,7.244836317320709e-4,0.00443069764469188,low,0.0044,0.27,4173.677414
Serbia,0.08713655863681849,0.0636975140739158,0.0204200514454512,0.02382611032524214,0.0267717349153822,0.03481450494522541,mid,0.11,15.79,23404.99711
Seychelles,7.838845124560927e-5,1.571223316594076e-4,1.8014826377812744e-5,5.637666157287634e-5,5.055245418908055e-6,1.9814981848726685e-5,low,0.0013,13.61,29979.82727
Sierra Leone,0.00382608323977531,0.01645881034858593,0.00199608881880476,0.01176298234461947,4.964163643790898e-4,0.00346340632850596,low,0.0014,0.18,2851.952081
Singapore,0.3167676290090339,0.1941708507268614,0.06977715758578605,0.0604627689070356,0.0767077673778861,0.08149424219687533,mid,1.1604,204.66,132617.354
Slovakia,0.0746706139037933,0.04934789136532391,0.01716539835663899,0.01645089883494635,0.0211300061920371,0.0259113932208541,mid,0.3082,56.55,38346.09358
Slovenia,0.03757872271800046,0.02518830364634854,0.00943891437703932,0.00904492558995793,0.01124026178089066,0.01282904817632239,mid,0.1215,58.73,45914.05724
Solomon Islands,7.982263580345879e-5,5.464656022734857e-4,6.907238442944846e-6,5.208724849082149e-5,2.5229038365741435e-6,1.673631021859037e-5,low,0.0021,3.26,2518.421624
Somalia,0.00161799053682266,0.02265820093489417,7.264965346885071e-4,0.00529737241985618,1.4410691802319616e-4,0.00129130890042843,low,0.0026,0.17,1392.46426
South Africa,0.45330788846511794,0.3427285975092194,0.07591965177133002,0.0996955015901346,0.10547511270880083,0.15295008237123195,mid,2.2861,38.86,13711.29357
South Sudan,0,0,0,0,0,0,high,0.0011,0.09,NA
Spain,1.2178444895647678,0.3152992478020407,0.273756759674774,0.07297796339903524,0.18203479107751125,0.09895456242675836,high,8.3063,178.03,44251.66582
Sri Lanka,0.00975621129826691,0.02329189132310834,0.00253360814858645,0.01052369800856524,7.265480923430562e-4,0.00312970645669539,low,0.04,1.82,14316.13522
Sudan,0.01065176407591747,0.05014384957197265,0.00396295216399252,0.02554330977468964,9.82486140387743e-4,0.00615841123709062,low,0.0463,1.07,3248.975586
Suriname,0.00780353321377493,0.00619007435560283,0.00186998867288478,0.002267304056206,0.00261434725971197,0.00366090744300949,mid,0.0095,15.9,18458.235
Sweden,2.417151118897467,0.584154808413756,0.8713628536633827,0.18441578573202816,0.5046524396718924,0.25620228198906947,high,3.3758,327.04,62731.70062
Switzerland,1.5157671071267338,0.35896032741610256,0.6633420978288481,0.15697005950467763,0.2444702023587662,0.1301065315804089,high,4.2189,493.73,81001.41112
Syrian Arab Republic,0.00427303323933444,0.01484997352789589,0.0014146678689448,0.00762946635951866,4.098792695760079e-4,0.00218617858019521,low,0.028,1.66,4592.838601
Taiwan,2.8332803537385884,0.7405585037305787,1.7823431175314428,0.5225734061333429,0.6799488823537021,0.49078561942634513,high,6.3776,269.82,64700
Tajikistan,0.00230151031736746,0.01033754693207977,7.201582334880405e-4,0.00432173710087458,1.9143747467551317e-4,0.00104056909645832,low,0.0306,3.29,3985.912476
Thailand,0.04746263530406939,0.10305907698441875,0.01728213967854832,0.06562493241760692,0.00490143729001288,0.01936589633117094,low,0.1917,2.82,20242.77
Timor-Leste,5.08522805504604e-4,0.00170169316707162,9.757205443425456e-5,5.029083484995515e-4,2.6208937891623767e-5,1.307223834391159e-4,low,7e-4,0.55,6824.792339
Togo,0.00240751397701864,0.0100912789029121,0.00103333260396179,0.00607820924972145,3.061501503715661e-4,0.00284043013423446,low,0.0017,0.2,2577.201963
Tonga,4.8279283864666184e-4,5.604586588350464e-4,3.559279160259118e-5,6.044903362405678e-5,5.287227288741754e-5,9.60017907787832e-5,mid,0.0017,16.62,7034.92497
Trinidad and Tobago,0.02532672827665744,0.01851380060846709,0.00685655102721152,0.00711788651397765,0.00849033385699368,0.0103324877881789,mid,0.0737,53.4,30424.66489
Tunisia,0.00598060235923299,0.01481813825972784,0.00194879895888678,0.00823194411730175,5.948158526983553e-4,0.00259539486808817,low,0.0609,5.17,12444.3264
Turkey,0.09674269539094088,0.19600210577641697,0.03090690224449177,0.10247352652110472,0.00904707577184881,0.03517830158112329,low,0.8299,10,31338.26652
Turkmenistan,0.05968436612827725,0.04364741139426301,0.01237212833295581,0.01544316542434702,0.01604533812665752,0.02263327497018757,mid,0.1348,22.57,16434.13991
Tuvalu,2.252590720018334e-5,2.921499195656734e-5,1.97557282229081e-6,3.676058700635425e-6,3.100651512724879e-6,5.597494624681507e-6,mid,1e-4,6.81,5352.978625
Uganda,0.01183523639047039,0.05941427976135251,0.00418546869794988,0.02654015511083843,9.664938512086938e-4,0.00741032995872607,low,0.0124,0.31,2684.920359
Ukraine,0.01797177445607796,0.03971632142633227,0.00555952511230663,0.02343853293407057,0.00167677630815392,0.00583725913931368,low,0.0589,1.41,17846.4082
United Arab Emirates,0.24373167153413183,0.16319362192194495,0.06275383948592737,0.05750387502606184,0.07155681253330826,0.07707083037827772,mid,0.6985,64.99,67401.12129
United Kingdom of Great Britain and Northern Ireland,3.9514732367882863,1.2674248766055332,1.1244078170293326,0.44965562637466766,1.872462315313932,0.9744665872423488,high,9.5769,143.22,51004.42717
United Republic of Tanzania,0.02776056140331732,0.06794544063441264,0.00528983466760788,0.01998003723268322,0.00114257723683374,0.00373737857731982,low,1e-4,0.01,3493.083008
United States of America,64.91976500375098,15.914753702470874,23.114895556151403,5.394200917638799,17.644395396750088,8.863420286115392,high,133.5058,405.46,71307.40173
Uruguay,0.0647879210386874,0.04753374963705326,0.01740141053784698,0.01811281269508341,0.02123786822809495,0.0264758279248438,mid,0.1075,30.56,29431.88501
Uzbekistan,0.01317766824894228,0.04177286250038326,0.00350400636539212,0.01613411729951526,9.656728218273464e-4,0.00464427309212551,low,0.2183,6.61,9247.643827
Vanuatu,3.833296485073001e-5,3.0303028020479305e-4,5.37950003721511e-6,3.3231888733603685e-5,1.3424484039197124e-6,7.479837151826956e-6,low,1e-4,0.51,3135.836649
Venezuela,0,0,0,0,0,0,high,0.49370000000000003,17.93,NA
Viet Nam,0.03851544589556045,0.0862638215224194,0.00915768955024177,0.03945004844194808,0.00257551936158037,0.01076518179070359,low,0.057,0.6,12048.90199
Yemen,0,0,0,0,0,0,high,0.0098,0.31,NA
Zambia,0.00597008267742742,0.02581373799526339,0.002088879081444,0.01499656630541194,5.614231193700985e-4,0.00359435331806505,low,8e-4,0.04,3503.034914
Zimbabwe,0.00260914957661487,0.01473457994453048,6.351766594107359e-4,0.00457480527848571,1.612950618007832e-4,8.863826400057692e-4,low,0.0587,3.94,3184.784602
Global,159.95547047603446,17.899052363311537,59.644089632628486,6.4576120301667785,42.93924644474428,9.980559934598528,NA,NA,NA,NA
